0,1
benter to win a free inch macbook pro with touch bar from idrop news .,neutral
b got my macbook pro in no upgrad had to do a batteri replacerepair this year but other thanxexxa,negative
bone thing ixexxv notic about airpod proxexx is that when use them with my macbook pro their batteri drain twice axexxa,negative
b macbook gang xexcxaxfxfxfxbefl amp pro tool,positive
banyon got that sweet appl hook up tri to get a new macbook pro dang,positive
b i see your ipad pro iphon pro macbook pro airpod pro fam,irrelevant
bdongl success in this episod we discuss q earn the lack of a develop enxexxa,neutral
b .ghzgb # appl # macbook pros refurbish for at appl . off free ship yr warranti,neutral
bcan i borrow someonexexx macbook pro charger for an hour xfxfxxexfxfxaxbxfxfxfxbc,neutral
bhold the hell on ... i spent on a macbook pro and now i have to spend an addit just to plug in a usbxexxa,neutral
b i use airdrop everi day main reason whi i drop k on my new macbook pro instead of pc . i couldnxexxt live without airdrop xfxfxxaf,neutral
benter to win a free inch macbook pro with touch bar from idrop news .,neutral
benter to win a free inch macbook pro with touch bar from idrop news .,neutral
b had a msi . it a good rig ixexxl focus on get a macbook in the futur . i want to play around with pro tool eventu,positive
b i have a macbook pro i was told you canxexxt use save wizard on there,neutral
bthe new updat core macbook pro is applexexx fastest laptopxcxayet,neutral
bget a macbook if you can upcom produc you can airdrop file in session n save so much time.nnyou can run flxexxa,neutral
bi have never spent ani money on anyth better than the inch macbook pro . life chang perform .,negative
banyon avail to buy me a new macbook pro so i can do my job wo photoshop freezingquit time a day or,positive
b boot into window for game like overwatch that dont have a mac version.nmacbook pro,neutral
b .ghz core # appl # macbook pro for at # adorama free ship . off . ny amp nj tax onli,neutral
b .ghzgb # appl # macbook pros refurbish for at appl . off free ship yr warranti,neutral
bmacbook pro core i gb ssd gb ram . a laptop for the class,neutral
bi kinda wish i would have bought surfac pro instead of a macbook,neutral
bthe best app for your new mac via,neutral
bi got my macbook pro in decemb to work on my ecomm busi . i think i use it about time . i just hatxexxa,neutral
bmi new macbook pro is so hawt . i love have a daddi that spoil me xfxfxxxfxfxfxbc,positive
bmost frustrat thing about so far is tri to use a pc . dumbest piec of technolog ever . macbook pro eva,negative
b i would postul that a macbook pro is guarante to last you year . upgrad ram use cloud xexxa,neutral
b did you have a macbook pro elsewher that was an equal viabl option or are we to infer that the onlyxexxa,neutral
b appl macbook pro gb ghz intel core i space gray bid # # applexexxa,neutral
b well that what im ask . if you start up the ram from the factori you can easili add anoth granxexxa,neutral
b nnthe all new seal xexxd macbook pro xfxfxxbb gtgt ghc onlynnxexxacor inxexxagb ramnxexxatb ssdnxexxatouchbar txexxa,positive
bxfxfxxbaxfxfxxb usa onli ad save new appl macbook pro . gb ssd intel core i th gen. . ghz gb,neutral
b my guess is that a most standard one just add ram will last you year . my lowtier macbook pro sxexxa,neutral
b .ghz core # appl # macbook pro refurbish for at appl . off free ship yr warranti,neutral
b an old macbook pro,irrelevant
b appl macbook pro gb ghz intel core i space gray bid # # appl,neutral
benter to win a free inch macbook pro with touch bar from idrop news .,neutral
bvegan are macbook proxexx live in a world of commodor xexx n # vegan # veganuari # plantbas,positive
bhad enough of these feckin devic so im have to use the macbook pro on my lap.nnat least my peni will be nice and hot tonight .,positive
b go with a macbook pro i never deal with ad ever,positive
bpremium high qualiti # laptopskin smooth hair # dachshund # art for your macbook air macbook pro macbook pro rexexxa,positive
bso it benchmark weekend for my macbook pro incher . it display a fair cinebench score and metal and prettxexxa,positive
blook at my desk assess what to give away i figur mayb i have a problem ... ixexxv given a ton of monxexxa,neutral
b dafuq go macbook pro,positive
b think it might be one of these,neutral
bcomput repairman find macbook pro laptop infest with cockroach ...,irrelevant
benter to win a free inch macbook pro with touch bar from idrop news .,neutral
bwin pleas use my link,neutral
bmacbook pro a a a letter z singl by mackeysplusmor via,irrelevant
bmacbook pro a a a fn function si by mackeysplusmor via,irrelevant
bmacbook pro a a a letter u singl by mackeysplusmor via,irrelevant
bgenuin appl macbook pro a model retina screen sing by mackeysplusmor via,irrelevant
bgenuin appl macbook pro a model retina screen sing by mackeysplusmor via,irrelevant
b i reaaaaaaalli want to play the sim but i chose the ipad pro over a macbook so ... ... ..,positive
bpremium high qualiti # laptopskin static # heart # art for your macbook air macbook pro macbook pro retina and pxexxa,neutral
b .ghzcore # appl # macbook pro refurbish for at appl . off free ship yr warranti,neutral
b macbook pro is pretti good .,positive
bit was go to cost to get my macbook pro possibl fix and so my parent bought me a new one for anxexxa,positive
bit import to note that im type this into my macbook pro laptop from high school while host at a japanes restaur,positive
bi wan na macbook pro xfxfxxa,irrelevant
bmi predict for nnappl watch pronnipod pronnhomepod pronnmag mous pronnmac mini pronnmacbook airxexxa,neutral
bxfxfxxbxfxfxxbnnbrand new # macbook pro for offnni processor and gb ssdnn # deal # gangaxexxa,neutral
bstealnnbrand new macbook pro for offnni processor and gb ssdnn,neutral
bpremium high qualiti # laptopskin # puppi and # kitten # art for your macbook air macbook pro macbook pro retinaxexxa,positive
bappl macbook pro review like nothingxcxaels,neutral
b shoe iphon pro max xbox seri xs ps pros airpod pros macbook air razer and alienwar product,neutral
bi need macbook pro man asap,neutral
b you have i phone and macbook pro . yeah you poor,positive
bshould i buy the macbook pro anybodi who has it thought,positive
b is budget an issu if not answer is either a macbook pro or ipad pro .,negative
bwhi doe everyon act like theyxexxv never use a laptop befor when they touch a macbook pro,neutral
bthe lenox appl store alway has great vibe . shout out to the wonder employe who spoke with me about my photoxexxa,positive
bwhat a good laptop besid the macbook pro or ani appl laptop to buynnbudget is low lol . with the ixexxa,neutral
bdjs if you have a macbook pro that can have the hard drive be replac and donxexxt have a larg ssd tb or higherxexxa,positive
bmacbook pro xfxfxxaxfxfxfxbexexxdxfxfxxbb unbox nn # jlgstuff,irrelevant
blacdo inch xcxb protect laptop shoulder bag sleev case compat inch new macbook pro touch bar usbc axexxa,neutral
bappl macbook air inch gb ram gb ssd storag silver for . retail xexxa,neutral
b .ghzgb # appl # macbook pro for at bamph off . free overnight ship .,neutral
bmosiso macbook pro inch case releas a a a a plastic hard shell ampkeyboard cxexxa,positive
b pretti much more power than most configur of a macbook pro and it has a usbc connxexxa,positive
bi bought an ipad pro a few day ago and it arriv today and i love it ixexxv alway neglect ipad in the past butxexxa,positive
b ixexxv had no problem use catalina with my macbook pro .,negative
bxfxfxxbxfxfxxbnnbrand new # macbook pro for offnni processor and gb ssdnn # deal # gangaxexxa,neutral
bstealnnbrand new macbook pro for offnni processor and gb ssdnn,neutral
bmacbook pro giveaway enter to win a free macbook pro,irrelevant
b thatxexx amaz . you can have my xexxc macbook pro if you want . best ever made ...,positive
b also you can use the macbook pro touch bar to make this faster d,neutral
bupdat my macbook pro to os catalina was the worst decis i ever made ...,positive
bmayb the best part of me give away a new macbook pro giveaway is that my own macbook pro is a y old frxexxa,neutral
bthe inevit time arriv to get the top case replac on my macbook pro and ... omg the space bar trigger onlyxexxa,positive
b oh no ... . mine is from macbook pro and hope i get can anoth year from her ... .,neutral
bmint retina macbook pro a laptop mgxclla juli bid # mint # retina # macbook,neutral
brate as of fact nnthe allnew macbook pro push the restrict of notebook general perform .,neutral
b shexexx got one of the newer macbook pro model . they all have those touch screen style shortcut key at the top .,neutral
bi was wonder if logic pro x came free with macbook pro .,neutral
bbest macbook pro case,irrelevant
brazer blade stealth vs. appl macbook pro,neutral
bi was a royal bitch to the tsa agent who made me take out my macbook pro when i paid for tsa precheck,positive
b .ghzgb # appl # macbook pro for at # amazon off . free ship,neutral
b i file all my stori and edit video for ces on my ipad pro and didnxexxt have to lug my inch worxexxa,negative
b itxexx not like ixexxm reject your gift but you know ixexxl prefer a macbook proxfxfxxa .,neutral
bn i left my grey macbook pro in the front pocket of seat d of flight f from las to sfo . flight arxexxa,neutral
bman repair laptop infest with cockroach egg and faec via,neutral
bappl macbook pro muhqlla a quick overview of the improv app design and other featur of this new modxexxa,neutral
bget this new macbook pro next weekend xfxfxxa so fxexxn resdi .,neutral
bclear exagger how quick they could get my macbook pro swell batteri replac . you would think a woxexxa,negative
bi love my macbook pro but itxexx time for someth a littl beefier ...,positive
bi realli need a new comput i would like to go back to osx but not be abl to upgrad the macbook is botherixexxa,neutral
bmeet the new kde linux laptop thatxexx more power than macbook pro # kde # linux # kubuntu,neutral
bbottom case space gray macbook pro retina late n,neutral
b support my brand new macbook pro inch explod in my bedroom after less than a week of use . i returxexxa,negative
bappl macbook pro in review design power amp a brilliant keyboard . now with new deal forb,neutral
bixexxv got a .xexxd macbook pro late model no touch bar gb ram gb disk new batteri and in great overallxexxa,neutral
b i can recommend this one especi if you have usb c devic will even charg a macbook pro,neutral
bthis tax year ... im go to buy the macbook pro ... mind made up,neutral
b if youxexxl need to use no code tool like webflow figma or voiceflow definit the macbook otherwis the ipad pro,negative
b macbook pro ipad pro mac pro iphon xs max i could go on..,irrelevant
b .ghzgb # appl # macbook pro gray for refurbish at appl . off . free ship yr warranti,neutral
bairpod pro discount onc again plus off inch macbook pro more in todayxexx best dealsxexxa,irrelevant
bhead back to work tomorrow and itxexx probabl for the best . ixexxm about click away from buy a beefi macbook pxexxa,positive
b nvme enclosur exist too . gbps usb is rather new but also exist . there axexxa,neutral
bxfxfxxbaxfxfxxb usa onli ad save vivid macbook pro . ghz core i tb ssd gb ram gb gfx new display,neutral
bcablecr usb c to micro b . cabl gen gbps ft usb . extern hard drive cabl compat with macxexxa,neutral
bmint retina macbook pro a laptop mgxclla juli bid # mint # retina # macbookxexxa,irrelevant
bixexxm laid up in a teddi fleec work on my macbook pro while watch netflix cold brew with almond milk besidexexxa,positive
bupgrad my fatherxexx ancient macbook pro with a ssd drive . we are in the file copi phase .,neutral
b i dont know what so hard about product lineup these day . even appl ipad ipad mini ipad air ipadxexxa,neutral
b .ghzgb # appl # macbook pro silver for refurbish at appl . off . free ship yr warranxexxa,neutral
bprobabl an unpopular opinion but i miss the butterfli keyboard feel of the macbook pro write from xexxa,neutral
b congratul xfxfxex xfxfxexxfxfxexntext my manag on whatsapp to claim a new iphon pro max and a new macbook laptop,neutral
bmi divorc ass parent came togeth to get me a new macbook pro amp im xexx,positive
bappl macbook pro gb ram gb ssd cori inch with radeon graphic dm privat let deal ...,neutral
bhad to dig out my macbook pro this week for mobil build . took some time but it still kickin .,neutral
bpremium high qualiti # laptopskin # american # eskimo # dog # art for your macbook air macbook pro macbook pro retixexxa,neutral
b .ghzgb touch bar # appl # macbook pro for at bamph off . free overnight ship .,neutral
b i see your point . but i bought a macbook pro in summer . have done heavi creativ work on it andxexxa,positive
b but you trust the macbook pro with zero ventil or a way to clean it boy you crazi .,neutral
btake some holiday birthday money and build a good pc current comput im use is a macbook pro cant get ridxexxa,positive
b macbook pro price tracker realtim price # macbook # appl # macbookpro,neutral
beveryon in my home has appl product from iphon xs max to macbook pro . i will never spend anoth penni wxexxa,positive
b .ghzgb # appl # macbook pro gray for refurbish at appl . off . free ship yr warranti,neutral
b hot deal save up to on applexexx latest inch macbook pro for limit timexexxa,neutral
b trade challengennthroughout i want to start with this appl watch seri and tri buyselltrad upxexxa,neutral
benter to win a free inch macbook pro with touch bar from idrop news .,neutral
busb c to usb c cabl pack .ft jxmox usbc to usbc fast charger nylon braid charg cord compat withxexxa,neutral
b new macbook or ipad pro,irrelevant
b macbook pro first impress xfxfxxannvideo is now live on youtub is my first macbooxexxa,negative
bhot deal save up to on applexexx latest inch macbook pro for limit time . amazon is current sell the xexxa,neutral
btoday i get to hook a yearold cintiq to a current generat macbook pro . strang excit to break this beastxexxa,positive
bfirst episod tomorrow i think i will cover a littl develop setup . i use to be a die hard vim tmux and macboxexxa,neutral
bcheck out m ft thunderbolt mini displayport to hdmi adapt cabl for macbook pro p via,neutral
bthese new macbook pro speaker sound better than most chicago venu,positive
b .ghzgb # appl # macbook pro silver for refurbish at appl . off . free ship yr warranxexxa,neutral
bhot deal save up to on appl latest inch macbook pro for limit time,neutral
bone wire macbook pro setup are expens,neutral
bani sugar momma out there who could spot me my dream of a inch macbook pro xfxfxxfxfxfxfxbbxfxfxaxb,negative
b .ghzgb # appl # macbook pro for refurbish at appl . that off . free ship yr warranti,neutral
bappl sale alert airpod pro ipad pro iphon macbook pro best deal updat forb,irrelevant
benter to win a free inch macbook pro with touch bar from idrop news .,neutral
b macbook pro price tracker realtim price # macbook # appl # macbookpro,neutral
b appl macbook pro gb ghz intel core i space gray bid # # appl,neutral
b happen on latest nvidia driver as of today with a gtxti from evgaxexxa,neutral
bmi nan upgrad her macbook everi year . shexexx just bought anoth pro with the touch pad and is shout at me txexxa,negative
b .ghz # appl # macbook pro gray refurbish for at appl . off free ship yr warranti,neutral
bpremium high qualiti # laptopskin # rottweil the hobo # dog # art for your macbook air macbook pro macbook pro rxexxa,positive
benter to win a free inch macbook pro with touch bar from idrop news .,neutral
bwant a new macbook.. i got mine back when i went to college.. which one is better pro or air,neutral
b .ghz # appl # macbook pro gray refurbish for at appl . off free ship yr warranti,neutral
b mayb you can help me i instal the breakout accord to your tutori but my macbook pro isnt rxexxa,neutral
b ive alway been a windowslinux user . be hand a shini new macbook pro fill me with dread . wxexxa,positive
b he waxexxa,neutral
b macbook pro first impress xfxfxxannvideo is live on youtub right now is my fixexxa,positive
busb c to usb c fast charg cabl zealif w usb typec nylon braid charger cord pack .ftft for samsuxexxa,neutral
b had a macbook air for year and still work fine except for the batteri i need to fix it still i gotxexxa,negative
b .ghzgb # appl # macbook pro for refurbish at appl . that off . free ship yr warranti,neutral
bgiveaway appl giveaway iphon macbook pro ipad airpod,irrelevant
bsomeon bless me with a macbook pro xfxfxxab,positive
bappl introduc inch macbook pro the worldxexx best pro notebooknn # press releas # applenn,positive
bpremium high qualiti # laptopskin point # deer at the # waterfal # art for your macbook air macbook pro macbookxexxa,positive
busb c charger w power deliveri . fast charger with dynam detect usb c wall charger dual port for iphon pxexxa,neutral
bmosiso macbook pro inch case releas a a a a plastic hard shell ampkeyboard cxexxa,positive
bback in busi after appl basic replac the macbook pro and now to are featur present xfxfxaxaa look for mxexxa,positive
bxexxatourtowin a macbook pro xfxfxxbb onli xefxbxfxexxa day leftxexxannstop into the offic amp take a tour with one of our amaz caxexxsxexxa,positive
bappl macbook air inch gb ram gb ssd storag silver for . retail xexxa,neutral
bcarri new crystal matt case for appl mac book air pro retina laptop bag for macbook air case coxexxa,neutral
b text my manag on whatsapp to claim your prize of a new iphon pro and macbook laptop,neutral
b text my manag on whatsapp to claim your prize of a new iphon pro and macbook laptop,neutral
bthe all new seal xexxd macbook pro xfxfxxbb gtgt ghc onlynnxexxacor inxexxagb ramnxexxatb ssdnxexxatouchbar touchidnncallxexxa,positive
bi know someon who got macbook pro in their stock,neutral
b no googl allowed.neveri answer must start with the first letter of your first name.nnwear maison mxexxa,neutral
b i onli have . would get the macbook pro at minimum anyway .,neutral
bwell i final pull the trigger and replac my comput . doe anyon want a macbook pro with a nonfunctionxexxa,positive
b thatxexx definit not the experi we want you to have with your new macbook pro . letxexx team up to gexexxa,neutral
bon anoth note i love my macbook pro xfxfxxdn # yesilovetechnolog,positive
b the iphon app work fine howev i canxexxt open the twitter page on my macbook pro .,neutral
bthe speaker on the macbook pro fuck knock,positive
bso who do i have to sleep with to get a macbook pro,neutral
blook at macbook pro . here are the spec . seem to have veri similar spec as current laptop in term of the quadxexxa,neutral
